{"name":"BM_Backup_2023-02-15_09_35_52_IaV165pxZRMrDlQF.zip","date":"2023-02-15 09:35:52","files":4406,"bytes":98275884,"cron":false,"total_queries":76,"manifest":"2023-02-15 09:36:06","millis_start":1676453752.756585,"millis_end":1676453766.908888,"version":"1.2.7","domain":"wpgasparrabadan.000webhostapp.com","dbdomain":"https:\/\/wpgasparrabadan.000webhostapp.com","uid":1,"source_query_output":2000,"db_backup_engine":"v4","config":{"ABSPATH":"\/storage\/ssd1\/652\/20271652\/public_html\/","DB_NAME":"id20271652_wp_88305edf2dd0f9f3865b6f6589a7d613","DB_USER":"id20271652_wp_88305edf2dd0f9f3865b6f6589a7d613","DB_PASSWORD":"2973e5b40a327b050f4d509ff68f2f983988fc19","DB_HOST":"localhost","DB_CHARSET":"utf8","DB_COLLATE":"","AUTH_KEY":"j)$;-J\/:rAe:o:zCVaz<RlzT>.)<CW@Mfe~|6FY%AgXV(N;rvM Noc>s(5{~gkk9","SECURE_AUTH_KEY":"*<[ 4NFP\/=@0l0NCoK*@P3chW\/;V!a9z,>A!L^;dHtp-gJpWfdgmXBA*\/_o* l?f","LOGGED_IN_KEY":"4.CY(-gl.z@h&cWigS%n!Yfnd-0@D6~nd<EQC,&*PhA(3(3P;mHEp3`9cH6)z.YE","NONCE_KEY":"E@Oy^q=g!?n+~(FAPVe.Pr~t$aOGQSvGxX:N]YN1:+}Xx`7-GV$<kk},KLC|d{N4","AUTH_SALT":"TRCEDU!Gj9m9w}+3LEB_W-.+NmU0wueh\/ eH+Z=$;LPb01pk#wewQY.k#{;S3B]J","SECURE_AUTH_SALT":"QBJQvhlgyc[H7(Of^6[obO*AT-g:f(e=]on{0kBy bODS`wBdjZI8<C#3fvCNR!V","LOGGED_IN_SALT":"xg;&R.lct+5m4{T0N@&u8r[l%>\/:hMx;3MU^>tLQHs|X2D6243I~k_k1IOj3>@|^","NONCE_SALT":"~fV0{MYIlZ`EG+rx7>m:D:M v;u41C.EO}Hh[#N#$XtX>W^P[uFg-?4cq{)xa6$Z","WP_DEBUG_LOG":false,"WP_CONTENT_URL":"https:\/\/wpgasparrabadan.000webhostapp.com\/wp-content","WP_CONTENT_DIR":"\/storage\/ssd1\/652\/20271652\/public_html\/wp-content\/","table_prefix":"wp_"}}